label,risk_score
-1,-0.8828701052640339
1,0.4247292722418512
-1,-2.7725358903380357
-1,-0.8277855641930904
-1,0.2498030325784839
1,0.8508782605085004
-1,-0.0636471605828714
1,0.6189980090682292
1,0.5607481955715066
-1,0.383862061557024
-1,-2.0540030572330803
-1,-0.8814183509872275
-1,-1.7055571877838716
-1,0.34159735411759834
-1,0.2935975318527717
1,0.6649651592196288
-1,-2.5648280087824387
-1,-0.5086018903038985
-1,-1.9306598980147636
-1,-0.6848971281658297
-1,-0.9577431573909513
1,1.5133768780395438
1,1.77744981560355
-1,-1.026720386719663
-1,-1.76823576910624
-1,-1.8187499057941154
1,1.396207115526184
-1,-0.6302325685959597
1,1.445426719879269
-1,-1.1796399163437423
-1,-1.8435582895746276
-1,-2.241417118046296
1,0.9441285959188134
1,1.0343182839550626
-1,-2.8153030786101896
-1,0.030740840993421455
-1,-0.23074913940041883
-1,0.19393590932094942
-1,-1.6558811130656292
1,2.687937674520726
-1,-1.81226369846154
-1,-0.6666629327874257
-1,0.3770146821769158
-1,-2.181223537558461
-1,0.13310238680686703
-1,-0.5802826821418927
-1,-1.306973290685197
1,2.6948344513332905
-1,-1.6611162234962566
1,1.0298794685124761
-1,-1.327758042465713
-1,-0.4747964671165838
-1,-0.9050587783467777
-1,-0.4022144232333919
-1,-1.7942773938986654
-1,0.25641453822419236
1,0.6656125917376412
-1,-0.07765943071984777
-1,-1.3372195895869718
-1,-2.124764292856097
-1,-0.9584120031939283
-1,-0.6432987408075771
-1,-0.9897208214056317
-1,-0.8285099880001306
-1,-1.2770484054864013
-1,0.15747289490645783
-1,-1.814814060552057
-1,-2.3885398688089117
1,0.9182866934326067
-1,-0.317156879881581
-1,0.36485065300970365
-1,-0.2216913780955734
-1,-1.529217170843285
-1,-1.9776167463594456
-1,-0.3664677197883442
-1,-0.5185181973566917
1,0.4456862231438523
1,0.700313406821791
-1,-0.13175329329049376
1,1.226547526070736
1,1.025007645785935
-1,-0.623380795927148
-1,-1.1942953376073433
-1,-0.8841693830024451
1,1.4418770737012458
-1,-2.3610639085590264
-1,-0.13694237930232223
-1,0.19967913986535102
-1,-0.8189610559824974
-1,-1.3310350398855153
-1,-0.02865408456637105
-1,-1.3927992125702622
-1,-1.598554131060892
-1,0.3570462222973808
1,1.2191087684190738
1,3.1579199563080254
-1,-0.7034014208305529
-1,-1.4167927890218355
-1,-1.9976961576142027
-1,-1.0505859796338943
1,0.6146976853097648
-1,-1.1450254577706402
-1,-1.7773378820459815
-1,0.1492050862305288
-1,-2.59179699979255
-1,-1.9917732202520915
-1,-3.263466357462573
-1,-2.5287862638695873
1,0.4074300475760421
-1,-0.9995640789189411
-1,-0.16512574325290935
-1,-2.7202729352326247
-1,-0.12535774363561575
1,1.235571929748706
-1,-3.0709150087011383
-1,0.07234912932226581
-1,-2.5599849178512457
-1,-1.5756702449358984
-1,-2.249970229801659
-1,-1.8145333481467276
-1,0.3458797744125078
-1,-1.1329210120889728
-1,0.34237466248494125
-1,-0.20732939175076381
1,1.9613051719820553
-1,-0.9383334208446898
-1,-0.882078932704227
-1,-2.153913547616374
1,0.5148376561778975
-1,-3.0598081504435295
-1,-1.307438220642853
1,1.250107511548554
-1,-1.4533043588422825
-1,-1.470578071720463
-1,-0.10966419275201329
-1,-0.7968191019563691
1,1.7038191142759018
-1,-1.4960085649846844
-1,-3.195665030750484
-1,0.23670961351944342
-1,0.31825221600455694
-1,-1.3785744848546502
-1,-1.2106271172876202
-1,0.16975030213789655
-1,-0.2532897565724174
1,1.7708731909695423
-1,-1.2160157907662998
-1,-0.6761976236973692
1,0.44883426600935333
1,1.4751508060749818
-1,-0.21832513067000542
-1,-2.2779464279326804
1,0.7842159205077587
-1,-1.034076448117242
1,1.7367744689420281
1,1.4344331889455773
-1,-0.871698732925931
-1,-0.9941497671199773
-1,-1.2282262924020881
-1,-2.240652271091405
-1,-2.1884396578983254
-1,-0.37876023668278413
-1,-0.820238444522752
-1,-3.161388739598295
-1,-1.081282760410024
1,0.7288490458653167
-1,0.1603283914195886
-1,-1.3523097429402027
-1,-3.3116045359271533
-1,-1.085390640894298
-1,-1.8064119504121268
-1,-2.0742373653852164
-1,-0.7819077990308336
1,0.43415769342759214
-1,-2.6464891921326963
-1,-0.5653477581330435
-1,0.3183428602414714
-1,-2.3218456712641147
1,1.1737548796448405
-1,-0.18594055413281732
-1,-2.1590562009464813
-1,-2.6355394221020485
-1,-1.224712042981671
-1,-0.5733173930589216
-1,-2.951014967311729
-1,-3.2853864619293396
-1,-1.6372007321595559
-1,-0.9408461675612403
-1,-2.2877012871082636
-1,-0.7388189815320165
-1,-2.2400388552050763
-1,-1.432979951781947
-1,-0.9568743879372
1,1.6562111275451579
-1,-0.44322837593068154
1,0.7210301304249087
-1,-1.124426296361009
-1,0.022498945298542232
1,0.563907450918247
-1,-3.543234657483103
1,0.5964075875434467
-1,-1.665016151510002
-1,-0.6602773523413029
-1,-0.4761400094590268
1,0.5577342087812092
1,2.9866244951793064
-1,-1.5325227480926489
-1,-0.5141670726806069
-1,0.35629462856845623
1,2.3865168098200917
1,0.7470862107992977
-1,-2.3230525263331816
1,3.201552246482248
-1,-0.46952619448322197
-1,-0.34650253737518477
1,0.6773371833241858
-1,-1.639334558074353
-1,-2.4576065739275834
-1,-3.093352829338949
-1,-0.21828297478179207
-1,-1.9346100600220941
-1,-1.5217749058079801
-1,-0.05410371648024523
1,1.2174642122637136
-1,-1.1018168585489172
1,0.5370827439266056
-1,-2.5375340622163014
-1,-1.4894186963491638
-1,-2.0173839484105573
-1,-2.1690908451990123
-1,-1.0554845879935373
-1,-1.7624744937166663
-1,-1.6658597163304496
1,1.368399230136465
-1,-2.738104213790077
-1,-2.2501295625795974
-1,-2.2186256197420375
1,0.8943746162323662
-1,-0.6652096139104929
-1,-0.07743155529032325
-1,-0.10182595746068235
-1,0.1823594798321605
-1,-0.9606900029050404
-1,-0.25198463636741325
1,1.0315108296065332
-1,0.3039193661295941
-1,-3.17561166436013
-1,-0.7285679833007551
1,1.65226853920027
-1,-0.5817661773440858
1,2.6608266289668303
1,1.0056173680179183
1,1.9135536065611443
-1,0.06223961225366289
-1,-0.42355377936657423
-1,-1.0947492605366622
-1,-2.229821964537571
-1,-1.238950858962694
1,1.5262136778835094
-1,-0.9989644542368322
-1,-0.8873480271376597
-1,0.06777301499886884
-1,-1.9752288009043826
-1,-3.1200993975836733
-1,-0.07535516810112372
1,0.6972470089537273
-1,-0.6587130750380426
-1,-0.9552237449591682
-1,-1.7164584782184278
-1,-0.2697183529137102
1,1.7275979149573113
-1,-2.5500116491516867
1,2.085457063451068
-1,-1.8329976602583036
-1,0.2738576984317395
-1,-2.5348774451545513
-1,-0.17259421016514886
-1,0.11835818541636062
-1,-1.741153790124031
1,1.3750377368761528
-1,-0.6148287117201334
-1,-2.9134532428019355
-1,-3.320707654250187
-1,-0.42598750527519985
-1,-2.26943556307716
-1,0.03591313649072762
-1,-0.2783004633907796
-1,0.1967770699787134
-1,-2.1080197311626256
-1,0.1266363224757261
-1,-2.379017944240743
1,0.7745714086507653
-1,-1.3518339361685952
-1,-2.79972048237832
1,1.477136556176423
-1,-2.6312782304439
1,1.063835727322461
-1,-1.679059211505725
-1,-0.011378329019718973
1,0.9620951984504356
-1,-2.648815892182862
-1,-0.6504576361957236
1,0.7831698728528631
-1,0.005131301052955932
1,0.8808027324362439
-1,-0.7586269597142015
-1,-0.6401539998518593
-1,-2.2650999514740775
1,0.7783272032378726
1,0.919271239650585
-1,-2.053830185508247
-1,-2.454769900175778
-1,-0.8895872032859773
-1,-0.053920181200035375
1,1.2203800544759267
-1,-2.14755319452944
-1,-0.13950803917452187
-1,-1.0092928313115948
1,1.6530985896356503
-1,-1.8127085961625544
-1,-3.112264448773404
-1,0.3703258430906428
-1,-0.12295485382935206
-1,-1.1756810764449597
1,0.6426631366498866
-1,0.27786274422624
1,0.6600526720883224
-1,-2.6370214884388363
-1,-0.5109143249774778
-1,0.16054920572697723
-1,-1.9048558193684841
1,0.9194004651063048
1,0.9439965687633999
-1,-0.46722295575241035
-1,-0.9263952573133704
-1,-1.5876593325962094
-1,-0.09007797435034119
-1,-0.5741774097172841
-1,-1.1699412630429404
-1,-2.113218832583602
-1,-2.6190203230320406
-1,-1.6706817974276278
-1,0.21655392135876644
-1,-1.4794607006144562
1,2.4178790813275746
-1,-1.5633636108608493
-1,-1.9859044543469644
-1,-0.6560425862545719
-1,-0.3588368535115449
-1,-2.5806715404954073
1,1.4615678962201109
-1,-0.8663124042388701
1,0.6720860416059493
-1,-0.17867528208469147
-1,-0.7500294459117074
-1,-1.6687330530657438
-1,-1.213397829642486
-1,-1.1999211326353219
-1,0.21113376635930453
-1,0.3688891200953498
1,1.1368559627109631
-1,-0.7395546401077253
-1,-1.1427286410850213
-1,-0.43347976925941467
-1,-1.5125977255496617
-1,-0.706719796225941
-1,-3.137394880646151
-1,-0.545714816177276
-1,-2.0204364488191735
1,2.2273776308098268
-1,-0.9060835378606179
-1,-1.4456263219900924
-1,-2.144797758028969
-1,-3.2047147765021182
-1,0.01746531416143434
1,1.7829495797884418
-1,-0.3059742071700048
-1,-0.78792523531331
1,1.0613151443735969
-1,0.3137284668423593
-1,-1.9432927437388663
1,2.0746747470296056
-1,-2.2345486832612393
-1,-1.7211897555147802
1,0.4898046441029915
-1,-0.9988078125291476
-1,-0.5571993468222994
-1,-2.0673985170949614
-1,-0.3123409490674308
1,2.9744769177673844
-1,-1.7380510494014405
1,0.8578432335337489
-1,-2.712632433814854
1,2.0853932017954957
-1,-1.4196753049305544
-1,-3.108780366133762
-1,-2.040174330703766
-1,-1.529441644573289
-1,0.2786509838096746
-1,-2.262784686533141
1,3.1585408282867387
-1,-2.5355204312225617
-1,-1.238540462791733
-1,-2.440214027981813
-1,-0.861395645244908
-1,-0.12192678636390594
-1,-0.7405490031960037
1,1.164289046257779
-1,-0.967630851027218
-1,-0.44696909654906336
-1,-1.0429878138210842
-1,0.27642505658729316
-1,0.04135519501068103
-1,-2.556067131730407
-1,-1.5493569076960023
-1,-1.486724892353736
-1,-0.18796517636031182
-1,-1.8748600525213792
-1,-1.1385128215661982
-1,-2.326940803759332
1,0.7121760162227653
1,0.6042189480079092
-1,-0.9400616596475675
-1,-0.41740025040619716
-1,-1.8063625431224475
-1,-2.1133585260177
-1,-1.2278144115782603
-1,-0.5634804873250459
-1,0.06306322201325446
-1,-1.271637728011081
1,1.2709703127297332
-1,-2.232096429679527
-1,-1.9869848012418612
-1,-0.45922189555568954
-1,-0.8136944521960009
1,0.7090895653902733
-1,-1.0658208391236126
-1,-1.8554198763924306
-1,-1.9478152597268976
-1,-1.6343825263453184
-1,-0.9105189381939233
-1,-2.1647963201548484
-1,-1.5123337301130138
-1,-1.9229769477118825
-1,-0.5009783696379831
-1,-1.7772105133488367
-1,-3.2868628932212847
1,0.4687379425741787
-1,-0.789375919770587
-1,-1.3757240953795915
-1,-0.5248270181293128
-1,-0.3499331002016618
-1,-0.3217343733419717
-1,-2.405916973752847
-1,0.28984556927896205
-1,-0.6755591913267077
-1,0.024905663727052336
-1,0.23238543730991235
-1,-0.7535038549617422
-1,-0.7276722814424478
-1,0.38452955084174434
-1,-0.8662993580915164
-1,-0.27817360089515064
-1,0.12655566164981452
-1,0.0740045173282833
-1,-0.7964507733291531
-1,-0.7785320546107197
-1,-1.2626214260338415
-1,-2.1109625431144576
1,1.3378165911967912
1,1.0566948553802928
-1,-1.585766524882575
-1,-0.39804483661960843
1,2.2445161731899006
-1,-0.823649039830878
-1,0.18397910194803355
-1,0.19008788957538678
-1,-2.7771645022014058
-1,-2.0680758915999813
-1,-1.6347706168908727
-1,-1.7181857821235902
-1,-2.576556272084447
1,1.3309287351331307
-1,-1.5682748259619146
-1,-2.3999424672716017
-1,-1.5181198371659297
-1,-0.9149720027641247
1,1.2039732336456013
-1,-0.40957004937133173
-1,-1.8607443185959553
-1,-2.174456894314768
-1,-1.4056405306700799
1,1.5735265721851317
-1,-1.2861300103875184
-1,0.18860691369832314
-1,-1.6149446259765465
-1,-1.9364625809304126
-1,-0.4903609082903329
-1,-0.500522177660819
-1,-0.9076491561306682
-1,0.18543242351813155
-1,0.08500534436127316
-1,-2.9954508310268966
-1,-1.419524652299763
-1,-0.9295135819750251
-1,-1.564104028843314
-1,-1.817256339663074
-1,-1.3601869896083634
-1,-1.4288042758519626
-1,-1.0323366683483048
1,0.724388732428112
-1,-0.4134620079336537
-1,-2.069674818602966
-1,-1.6959593886105335
-1,-0.20433198289753904
1,1.6543189787903043
-1,-2.048175138421987
1,3.3968645458893203
-1,-1.7596348364056196
-1,-3.4598358411536507
-1,-0.5163190462968624
-1,-0.277236185542882
-1,-1.5019313314852416
-1,-2.0709711374018442
-1,-1.9910284487222447
-1,-1.797829542990904
1,1.575361264614202
-1,-1.085446087299374
-1,-0.028139174125836535
-1,-3.042525149537078
-1,-0.41233166834142837
-1,-2.086654187798181
-1,-1.7633836912135077
1,1.1317016453407063
-1,-0.899529070951124
-1,-1.4561742570650158
-1,-1.5991869609265053
-1,-0.25449655765748774
-1,-2.496242427018217
-1,-0.830652494481232
1,3.770207058702642
-1,-2.2885427554990856
-1,-0.14440138506016686
-1,-0.14754724971623945
1,0.5001565453693304
1,0.4753267678551967
-1,-1.6511439615041072
-1,-0.8620740944670195
-1,-1.7965280683651499
-1,-1.2202637056338037
1,0.9004540660549853
1,1.8892621630943311
-1,-0.6496747804454082
-1,-0.8671465152932263
-1,-1.7314116489678546
-1,-2.7740638892764737
-1,-2.848640700167225
-1,-2.6497610993731593
-1,-1.8256961444109308
1,1.3553102709540792
-1,0.08272410984180588
1,1.6627616122842914
-1,-1.745219022100618
-1,-1.1338384084667559
1,0.42920614587636263
-1,-0.5705810581605548
1,1.458514157469042
1,1.2570692909957284
1,0.9601045859697375
-1,-0.2744069840159347
1,0.46125611598612326
-1,0.21794441563296452
-1,-1.8347154035761342
-1,0.2786217213230187
-1,-2.1402829291404513
-1,-1.4626228867297444
-1,-1.4216681770002753
-1,-1.3757895037991328
1,1.2809165291254805
-1,0.27652195507799204
1,0.613857595719717
1,1.2274460626370425
-1,-0.27620037496067246
-1,0.3977262320524803
-1,-0.28474162811316106
-1,0.10114806247598261
1,0.980514256557819
-1,-0.7442913948317689
1,0.7073662938647243
-1,-2.7169533159826558
-1,-1.8074372843709483
-1,-2.2189104418956584
1,1.6042378955259133
-1,-0.9520722732077029
-1,-1.148134297167572
-1,-2.1295947359368514
-1,0.1957982995230522
-1,-0.3729852428071622
-1,-0.22712568024112617
-1,0.3207312812752599
1,0.4369587618601772
-1,-0.7026852553814787
-1,-1.7046669122677198
-1,-0.14730332819970807
-1,-1.5665655132974965
-1,-1.706554158832081
-1,-1.3329504496549465
-1,-1.7971394359326045
-1,-1.1902416077840874
-1,-1.0319108984721748
1,0.5392735383624746
1,0.6282850416564919
-1,-0.8854819550663108
1,1.0567650750916748
-1,-1.5170854120932198
-1,-0.7703137762130767
-1,-0.48130334905666555
-1,-1.7004912483833168
1,1.937690117031202
1,0.8244634903704682
-1,-0.06546566632186133
-1,-1.811375168198322
-1,-2.386946943729404
-1,-1.1211442415579773
-1,-1.4911525735524866
-1,-0.3965953116509908
-1,-2.5565129334008923
-1,0.17060607377807588
-1,-2.480832180496126
-1,-1.608848498956159
-1,-1.3139799573865902
-1,-1.9630638653665498
-1,-0.14504215137918874
1,2.410099945886772
-1,-2.472897139579091
1,0.7118565969525472
-1,-3.388077191088336
-1,-0.30769048603504195
-1,-1.754409199020984
-1,-1.2787822871852668
-1,-1.4585634222510178
1,1.0437953309968129
1,0.6008671290112646
1,0.8859259647192745
1,2.0082501029087316
-1,-1.372351789428789
-1,-0.8938493348617268
1,0.8537116887504442
-1,-1.0850327768983359
-1,-1.3926490832688803
-1,-1.3598468127264836
-1,-2.554497844244858
-1,-0.9940477887530557
-1,-2.405991309441013
1,2.6526394166903917
-1,-0.3660014030439723
1,1.5823421567244356
-1,-0.050144307579074794
1,3.0342885720515334
-1,0.06760184948656547
-1,-0.3878873185279005
-1,-1.6115604956667373
-1,-1.7745667637184768
-1,-1.251590032387329
-1,-0.8276767561939756
-1,-0.6109705629351657
-1,-1.6029008226361614
1,0.7430167405665119
-1,-1.3503376343981994
-1,-1.2161239545308087
-1,-1.1183791718023566
-1,-1.7845901032019655
-1,-0.745524942541887
-1,-1.0950670770571092
-1,-0.7473180397701599
-1,-0.24213854407246876
1,1.9892871820263522
1,3.0165098077618144
1,1.27730858455733
-1,-0.543068719500294
1,0.616979126406675
-1,-0.20729849345421353
-1,0.275213243072402
-1,-0.3263349721230484
-1,-1.4962378570973969
-1,-0.0733894517335119
-1,-1.4593135410578104
-1,-2.9720441135436406
-1,-0.7260902136009602
-1,-2.9318100381100067
-1,-1.2782699248411247
-1,-1.2837665673879035
-1,-2.150052493814152
-1,-0.7264600646579105
1,4.388911023727941
-1,-0.9233881806255541
-1,-0.8044960395650056
-1,-1.6908202208323604
-1,0.12194082503573687
-1,-0.894644319053962
1,2.0568620506435584
-1,0.18141869159835966
-1,-2.7575189022279996
-1,-0.7010755655769076
-1,-1.5982712793560019
-1,-0.376806194002389
-1,-0.019368761422446368
-1,-1.0148913593400455
-1,-1.4619109254101181
-1,0.2534764046430355
-1,-2.3684286769553355
1,1.2669258408068715
1,0.5639384998049642
-1,0.35237542190617543
-1,-2.6804443309328523
-1,-3.0167772089650677
-1,0.029818016996070274
-1,-1.6930384326718353
-1,-1.431686404313779
-1,-0.049182130698772045
1,0.5628526453313383
-1,-0.4087989405814331
-1,-1.7026530350277047
-1,-0.3895291114654325
1,0.9614832064040553
-1,-0.3517119611434154
-1,-1.4895006052564863
1,2.094166571437945
-1,-1.4746110583560303
-1,-0.27443053050161453
1,1.1990670138585893
1,0.70054537868111
-1,0.06725847369215346
-1,-0.047353614873779315
-1,-1.1853303932218107
1,0.41352239299011856
-1,-0.6762304864895433
-1,-2.0025757815874674
-1,0.27119884130050254
-1,-0.5492856986781848
-1,-1.0397663943274806
-1,-1.4133570991988926
-1,-1.769022633589717
-1,-2.5240524673628304
-1,-1.7350035903017271
-1,0.19534490505821128
-1,-2.3013831871057207
-1,-0.8133815347320424
1,1.3173981603798453
-1,-1.4771740653386907
1,2.609551946019915
-1,-2.428669507629524
-1,0.007820360739293711
1,2.416802253082322
-1,-1.1214809815253979
-1,-1.5058933257506986
-1,-1.888541579224139
-1,-0.30286347459874197
1,1.3119152074399822
-1,-1.0523836125737922
1,0.7043203810049045
-1,-1.658852130234184
-1,-1.5728458698158896
-1,-0.748655144360591
-1,-1.05900029242224
-1,-0.5355388216192285
1,1.4915114515724581
1,1.6232687891214646
-1,-1.9642013587446734
1,1.4124588402894924
-1,-1.894611893133576
-1,-1.9497665427084752
1,1.1997160558038873
-1,-0.3740280308126423
-1,-1.2095059068535117
-1,-0.14706985398363953
-1,-0.36968316107605315
-1,-2.0703781912270105
-1,-0.573254706106622
-1,-1.4502540231888639
1,1.4149291314385875
1,1.107847004871614
1,1.9092010624493687
-1,-1.4973349958982898
-1,0.0851609017711674
-1,-0.45572540549690005
-1,-2.363887817071083
-1,-1.8188200485777009
-1,-0.5732914319273998
-1,-1.7968558259025806
-1,-2.4111113007535954
1,0.8665886045653811
-1,-0.14687464503748493
-1,-1.185861868266406
-1,-1.2864338359049552
-1,-0.9499223380869058
1,5.49512393019387
-1,-0.8297011223015407
-1,-3.2331115517706843
-1,-0.9864298802896164
-1,-0.5291595568710683
-1,-1.1614652666817986
1,1.5223044291517736
1,0.6821737875079223
1,2.5383725492109366
-1,0.37443629158242964
-1,-0.005984231115850229
1,0.8690975738464602
-1,-0.030926888534441484
-1,0.20977121899721732
-1,-1.008374226990943
-1,-0.3372564877691486
-1,0.3635129914730899
1,1.334074439256937
-1,-0.5419515008585323
-1,-2.754778643128249
-1,-2.799661038050178
-1,-2.0229698909304537
1,2.717000462813365
1,1.01793792141841
1,2.458034629775758
-1,-2.1010359534665595
-1,-3.096567737339834
-1,-0.9074825280853638
-1,-1.8841328566390996
-1,-1.4774182700960425
-1,-2.5556403527649185
1,1.0370941969611194
-1,-0.46712154980297205
1,0.7017043756000576
1,3.1491985180884225
-1,0.34319671421008835
1,0.4242906521786216
-1,-3.1372216341399284
-1,-1.3541087061195798
-1,0.3300184009482648
-1,-1.412546621530301
-1,-2.8879034958317122
-1,0.2164571671832491
-1,-2.564349597509612
-1,-0.028782200651592593
-1,-1.8386351058030397
-1,-0.281827755615979
-1,-1.8438135793856543
-1,-2.0386476750992184
-1,-2.49202384795202
-1,-1.331950567940438
1,1.4052903421999603
-1,-0.36094823357212774
1,0.521499167362468
1,1.7029550395822628
-1,-0.24397426009883372
-1,-2.9011943261483126
-1,-1.8004329732419428
-1,-0.9265560333286901
-1,-1.5549997590669151
-1,-1.0313083036098014
1,1.0504110330243517
-1,-1.6376543931487926
-1,0.02080518925941144
-1,-1.266188872756892
-1,-0.158575786927739
-1,-3.2410783218381556
-1,-1.8544572602551266
-1,-1.6808806722520087
1,1.0584979122365374
1,0.7759734499177969
-1,-1.1495105539571353
-1,-2.9615309978355335
1,0.848720967746847
-1,-0.85632190445738
-1,-1.1316224385129023
-1,-1.2945242231435687
1,0.7364958682601099
-1,-2.0618125351904952
1,1.5788842720316856
-1,-0.5259565307991131
-1,-0.8372469789568705
-1,-0.63325882166064
1,0.6021817068523024
-1,-3.6129726688967283
-1,-2.351067947772961
-1,-1.25526352397053
-1,-1.2846235563545578
-1,-2.0167334344203365
-1,-0.07512233935677293
-1,-0.4094554612938461
-1,-0.9070963062032298
-1,-0.09940217695918213
-1,-1.8275943037134894
-1,-1.2978232416242907
-1,-3.464507965133329
-1,-0.8857640521296405
-1,-1.6260929865535916
-1,-1.2827854939844217
-1,-1.1318310906785496
-1,-2.711287922906024
-1,-3.2303818840593963
-1,-2.5869690847153306
1,0.7377229969245687
-1,0.2970498797690806
-1,-1.0592102389196496
-1,-1.8687354590756142
1,0.6249872059222957
-1,-0.6320159579399648
1,2.0096302431395636
-1,-2.63463887287596
1,0.47257396206859625
1,3.5763497729791456
-1,-0.4599381163863058
-1,-1.5935467194829172
-1,-0.3922279475383265
-1,-0.9979785279028156
-1,-0.25041663698116273
-1,-1.0983311807521863
1,1.4659940671768097
-1,-0.42769109945385747
-1,-0.36632808022452734
-1,-0.8891915083084004
-1,-1.8867093854686399
-1,-0.44467549956806857
-1,0.01538472838712847
1,1.087425385745971
-1,-3.305452976500585
1,2.7390936695577057
-1,-1.0500428713751762
1,1.008120227974645
1,3.180316466667447
-1,-0.5970504443364036
1,2.803862412976418
1,1.1736235463655407
-1,-0.6388315495519465
-1,-0.11786273110418931
-1,-1.6043601760930084
-1,-2.052092819370351
-1,-2.3577576043352013
-1,-1.7355470826383783
-1,-1.675490842140897
1,0.7159583664587275
-1,-1.7211362260424046
-1,-0.33510990178687333
-1,-1.532358845682212
1,0.4464484222512558
1,2.432962330407235
-1,-0.14598201761577315
-1,-0.8610315606216282
-1,0.07815990186005269
-1,-0.9637967014884508
1,0.9757208608358285
-1,0.26582599676655927
1,0.49064831971939993
-1,-0.847792033798366
-1,-1.9941570571779976
1,0.8076773141573269
-1,-1.737556531569571
1,1.4416743662601612
1,0.5240649062629898
1,1.5620916533191291
1,1.0289669881077255
-1,-2.0534862197336627
1,0.7938419240458457
1,0.6624704556942123
-1,-1.6365700741173088
-1,0.29554662516961216
-1,-0.610109511436687
-1,-1.442348421336828
1,0.8019520199654908
1,2.7579473583916387
1,1.386429664023003
-1,-0.7110618852364915
-1,-1.1195221472907653
1,1.4814239732797878
-1,0.12263747306937055
-1,-2.4507291187529767
-1,-0.9069118555834913
-1,-0.7482654596705866
-1,-0.1527194895962604
1,0.9896078048035785
-1,-0.9059419649248057
1,1.4132719798206193
-1,-0.9589765673841606
-1,-0.28531490808195226
-1,-2.869731656397867
-1,-0.10161792859008982
-1,-1.1993997603983058
-1,-0.9246730655369191
-1,-1.582021584913463
1,1.6417610282383843
-1,-1.3727657925419812
-1,-2.0871713940929943
-1,-0.37937155032126413
-1,-1.4706683549895194
-1,-2.0851278866389262
-1,-0.9307182972969803
-1,-0.43829753528441967
-1,-1.0087589228056297
-1,-1.956801981667769
-1,-1.208064773716031
-1,-0.2897608382317786
-1,-2.4669066687258234
-1,-0.258144533963061
-1,-0.351121401052415
-1,-0.914408134745202
1,1.1425992426053777
1,2.0348602140500813
-1,-1.7955757099604444
1,0.9561331644961887
-1,-0.345507574332325
1,1.5772754752586293
1,2.2416687379966485
-1,-1.45774173426144
-1,-2.529810589497642
-1,0.00804805990533777
1,0.6631894895676008
-1,-1.8630116263135104
1,0.7968529681780111
1,0.8770372282925206
1,0.9966743094219118
-1,0.08035291896870753
1,2.5884198385730817
1,2.7370737829550444
-1,-1.0379194512639205
-1,-0.9073017812259084
-1,0.19822766702107844
-1,-0.6402324027723852
-1,-0.46146272230354646
-1,-0.07346594740902536
1,1.5740478459117466
-1,-2.5472177219354224
-1,-0.1595940679376412
-1,0.09452545250799053
-1,-0.19132794797052344
-1,-1.3211828945091515
-1,-2.189123330371934
-1,-2.290353421145575
1,0.4233656859374692
-1,-0.8233243515937455
1,0.9218428299181274
-1,-2.7030313553525667
1,1.2478675801575736
-1,-1.8748931985742974
-1,-1.7686882434988196
-1,-1.2527132189050254
-1,-0.7922442054860942
1,1.9662080538503712
-1,-0.07383262623780729
1,2.5186448775884633
1,1.9830547863082297
-1,-1.370137104586702
-1,-0.3866297642797473
1,0.9499132233198355
1,0.4479915025575338
-1,0.28453083891767705
-1,0.28123878091491283
-1,-0.3696845605694791
-1,0.34601336611175115
-1,0.1015281626792887
-1,-1.2274884950243916
1,1.0742084571820871
-1,-0.6501612699149801
-1,-2.7097177864099833
-1,-1.6244583108179582
-1,-2.6391019802623656
1,0.4571433374364265
-1,-1.4176214544010253
-1,-0.4884712699893883
-1,-2.0393325727773037
-1,-1.2060949583003768
-1,-0.06794834569780948
-1,-1.4037457729110163
-1,-1.1873627483915197
-1,-2.5381847832457525
-1,-1.6095424360169484
-1,-0.2882943304023953
-1,-1.6375439183782985
1,2.3895038370216395
-1,-1.4125757957372744
-1,-0.4738753291731772
-1,-1.9956028661298553
1,0.5316507309484546
-1,-1.6172012717288242
-1,-3.053120894775911
-1,-2.9950097321562907
-1,0.16241993013503564
-1,-1.016028377955454
-1,0.004215293812865615
-1,-1.5732600921405053
1,1.6321398045021414
1,1.0500376937914595
1,0.7858932542970098
-1,-0.9017521580077478
-1,-1.3609111662019469
-1,0.30671229021521423
-1,-1.6952075005206602
-1,-0.14742669605867192
-1,-1.1645360473594575
-1,-2.0464677599390515
-1,-1.032775165948168
-1,-1.3207867576056638
-1,-0.4059923813846374
-1,-2.513724086749605
-1,-2.2722019706191854
1,0.5366184423297937
-1,-1.5822572872646588
1,1.8062348658683243
-1,-1.9685349497240152
-1,-0.7881576548052761
-1,-1.625292831318082
-1,-0.6386229161667458
1,0.9268237490037833
-1,-2.8702553576988152
-1,-1.0655057770795513
-1,-1.5771686209092874
-1,-0.1710615927791018
1,0.9207923781381578
-1,-1.5758346759889788
-1,-1.510100119458756
-1,-0.9837684713998203
-1,-0.9665350189041712
-1,-2.0571561721033738
-1,-0.7597217095254731
-1,-3.214850794632502
-1,0.36559798604328786
-1,-3.102628938086774
-1,-0.984039430543128
-1,-1.6051211934550065
-1,-1.7039195188453973
-1,-0.8055677717730156
1,0.6768662117547498
1,1.3601819921488505
-1,-2.9012155946774296
-1,0.07546640187801242
1,0.722378625126201
-1,0.33721835832178365
-1,-1.060361508116502
-1,-0.31030289097073416
1,0.6420462448938696
-1,-1.271859648644142
-1,-1.488190409804193
-1,-2.321579477506657
-1,-2.152662187950519
-1,-0.10428450987721605
1,2.677559155367379
-1,-1.36257684140469
1,1.3008343746913846
-1,-0.19619101671212724
-1,-3.1014921257186945
-1,-1.7268254453862146
-1,-0.421745003150243
-1,-0.5068388468288222
1,0.8789335361950322
-1,-2.1984965953057065
-1,-2.2410632191244417
-1,-1.9517906238384295
-1,-0.08143124665412141
-1,-2.883909612655597
-1,-3.030712832466607
-1,-0.3757103177876865
1,1.4501559952076273
1,1.164694584723502
-1,-1.036664891046509
-1,-2.382735888737945
-1,-2.039645410639635
-1,0.16443393871536982
-1,-1.087836130739528
-1,-1.3656539705847301
-1,-0.08406530760178847
-1,-2.321922066984187
1,0.6597116778114077
-1,-2.3931883104541836
1,1.4936359289027752
1,1.1364313621752555
-1,-2.784408578876415
-1,-1.5038876961480663
-1,-2.378765320081568
-1,-1.0530994848072714
-1,-0.7953874600006213
1,0.5074614544075083
-1,-1.6307158368929755
1,1.6269199934651573
-1,-1.6965563984773195
1,1.2063114705807818
1,0.4258502346906875
-1,-2.6372374169422943
1,0.682552688922993
-1,-0.4151167163213135
-1,-1.7998573033988214
-1,-1.2961549399969912
-1,-2.1489195905714675
-1,-1.4834539551172925
-1,-3.264726587988932
-1,-0.8580603134863353
-1,-1.4817260217157393
-1,-0.9312645898256117
-1,-1.4732392403052619
-1,-2.082371377389983
-1,-0.38489528184040894
-1,-0.25300077108088037
-1,-1.6829287188943811
-1,-1.65206120425799
1,0.990082901171062
1,1.1537888079531686
1,0.8648410989575069
-1,-2.1727913436725297
-1,-1.257313365420482
-1,-3.288064271438984
-1,-1.3198185624311862
-1,-0.5634059397384216
-1,-1.1259017333121315
1,0.4193839752747998
-1,-0.4868115828633574
-1,0.17564518702247814
-1,-1.1865043051278479
-1,-2.03313847434169
1,2.480484409975857
1,0.41217701201289575
-1,-1.3875997168149434
-1,-2.3654192655007495
-1,-0.9141740869411444
-1,-0.8360462312857025
-1,-1.5311976272582495
-1,-0.08882259340997783
-1,-0.36923790210757207
1,0.8590801236323398
-1,-0.786588428620929
1,1.7255242299558369
-1,-3.692415787084775
-1,-2.128227481739172
-1,-0.9392636612009082
-1,-0.781617112885938
-1,-2.0084818160793065
-1,-0.22467466993136742
-1,-2.9467222614422353
-1,-1.0163022717803067
-1,-1.2511298018941777
1,1.524893352679391
-1,-1.9824949258426596
1,0.7061715504563104
-1,-0.5703447013202648
-1,-1.8340212488604857
-1,-0.3158144334899242
-1,-1.805476480443271
-1,-0.38320431403467925
1,1.6715214979774886
-1,-0.2933696131596777
-1,0.20399070895633534
-1,-0.9894807176211836
1,1.2525551959036216
-1,-0.6576633255261923
-1,-0.815724206452
1,1.6066650343883864
-1,-1.2826259034425924
-1,0.10638759888913238
-1,-1.9339629467939963
1,0.6819906548471348
-1,-1.0756807988319317
-1,0.07810272733587426
-1,-2.223137176668276
-1,-2.5547923869216738
-1,-1.9870953114105268
-1,-2.80553489255806
-1,-2.370348309341067
-1,-2.5422240155145484
-1,-2.3058007880138325
-1,-0.7842784062750555
-1,-2.4733969401304248
-1,0.12372965095484134
-1,-1.3945975112542723
-1,-2.0843325319505297
1,1.3602604644360625
-1,-0.4702846331871446
-1,-1.1156335010887972
1,2.811697319719514
-1,-2.206616873652326
1,0.9768719842016117
-1,-1.9458146254961821
-1,-0.2607504273381219
-1,-2.375079590218225
-1,-1.591617345837048
-1,-0.6700793359548025
-1,-1.8024064910094857
-1,0.09470321734362029
-1,-1.2540239799962751
-1,-1.887924934410097
-1,-0.6459423610992983
1,1.1854681464996215
-1,-0.6224117151074868
1,0.9966887198505751
-1,-0.16766181257731444
1,0.5510364717782233
-1,-0.7298296022545185
-1,-1.320087739003051
-1,-0.1995557516545629
-1,-2.188392600460625
-1,-1.4552578641541696
-1,-2.841301100291376
-1,-1.7892146940951528
-1,-1.5970021746197445
-1,-0.5077618478867668
-1,-1.1549626044781052
-1,-0.6206215375466488
-1,0.12552496896027387
-1,-0.32488133394574686
-1,-1.956312203112081
-1,-0.7391608412387334
-1,-2.2356005052704555
-1,0.10088504582097503
-1,-0.06241602107373175
-1,-2.184713534464779
-1,-1.6306349751498754
1,1.1996655758707762
-1,0.1540343610487061
-1,-1.8193549367492812
-1,-0.8911162133876821
-1,-1.6958429925326126
1,2.614044980996023
1,5.50106644345278
-1,-0.22413253459317053
1,1.1201546931692181
-1,-0.7555839221033459
-1,-1.1060930794589452
1,0.9112157203405743
-1,-0.9625652626984856
-1,-0.4204548553699396
1,1.4879949785804325
-1,-2.453187356926732
1,0.9304197602010044
-1,-0.9136168689611975
-1,-1.689138354266793
-1,-0.6881397076894884
-1,-2.814268529348412
-1,-0.5228085869266749
-1,-0.04409053981756154
-1,-0.7316918819022549
-1,-0.42619673321893453
-1,-1.2215683719273787
1,1.552371663919639
1,0.43912535881783105
-1,-0.22168781279627944
-1,-1.2702726899327532
-1,-2.317901439470938
1,1.323717983856696
-1,-1.374742444863673
-1,-0.6245748587657001
1,2.8470938238091446
1,1.976759313415316
-1,-1.9423476340063621
-1,-2.363539059613653
-1,0.07464315707384998
-1,-1.3280885241488387
-1,0.14267984580013984
-1,-0.7346189110888577
-1,-1.396278750998493
1,2.6103059466723457
1,0.489496620695957
-1,-1.5374380033671604
-1,-2.1313291580352294
-1,-0.5568442147059666
-1,-0.292109121915409
-1,-0.4922107596435726
1,2.0440353095356567
-1,-0.682492266818442
-1,0.19026751873303144
-1,-2.5176942302835243
-1,-2.5079990343728404
-1,-0.10656772311176176
-1,-2.721066159694473
-1,-2.49967571493979
1,2.2006432892130747
-1,-0.7772161098180621
-1,-0.5446864611554294
-1,-1.032557134776413
1,1.093007095652346
-1,-0.02188501092358432
-1,-0.36677188971024066
-1,-1.455788818455365
-1,-0.821566318184571
-1,-2.155243895694141
-1,-0.42393293393287934
-1,0.23715159877441738
1,1.0988475746633644
-1,-1.852994278406289
-1,0.3894725246030493
1,1.7690145651102478
-1,-0.9764863031540187
1,2.8777058047051565
-1,-2.328457038022293
-1,-2.267419462908444
1,1.8718917590620126
1,1.2169897680874793
1,0.8052190669698612
-1,0.23641128351800958
1,0.9516300450912059
-1,-0.9036019050955191
-1,-1.709754606469389
-1,-1.6399442032178333
-1,-0.3592641072286577
-1,-0.13834496606644694
-1,-2.11488180212493
-1,0.22284679478793543
-1,-1.4091924033340533
-1,-1.667235857977388
-1,-2.7156493139566016
1,0.4768713301334893
-1,-1.851506746844614
-1,-0.8445316081236156
-1,-1.129991658162841
-1,-0.6479553617783855
-1,-2.932081218150604
-1,-0.14753131722275586
-1,-1.6436880052555403
-1,-1.2914132497646902
1,1.8326766041279554
-1,-1.2513777545817129
1,3.327135422320618
-1,-2.2404047531491766
-1,-3.575601218870483
-1,-2.2321468535621487
1,1.6115234752817507
-1,-1.0031401582966237
-1,-1.5799599007600222
-1,-1.3137286466556966
-1,-2.633964889431037
-1,-2.30301075525946
1,1.2499262161153042
-1,-2.3860901454808223
1,0.590326434359094
1,1.8059422591396699
-1,-1.5577766216992515
-1,-0.16913036897431494
-1,-1.8625727437386495
-1,-0.017887092906497443
-1,-0.7320965507107237
-1,-2.2991433447321215
-1,-1.5816891891977738
-1,0.3663368708020305
-1,-1.3137861502591273
-1,-2.888239066857979
-1,-1.662171127015035
-1,-2.3777394061619335
-1,0.2272361320761799
-1,-1.5658101141631566
-1,-2.2818025612481816
-1,0.3934590995195828
-1,-0.719907996706714
-1,-2.479098014120448
-1,-0.06444408845102213
-1,-1.4234269985200314
-1,-1.006017326174704
-1,-0.13668284718861481
-1,-1.9659070972152073
-1,-1.3225866148389613
1,1.5698378496483945
1,0.7008811468587567
-1,0.368752758155414
-1,-2.3832409697177184
-1,-0.9618574279464043
1,1.7272284853802284
-1,-0.23758825191145877
-1,-0.329495218489128
-1,0.22595412856977062
-1,0.22581553505635807
-1,-0.9640411189984981
-1,-2.511067682509503
1,0.5808312625428714
-1,-2.6263735014012153
1,2.932138516803731
-1,-0.23718314390134776
-1,-0.32083896373923493
-1,-1.2492649547349104
-1,-0.5384492603326001
-1,-2.238141511515022
-1,-1.1846054381423725
1,0.5105401951863691
-1,-2.088716392974403
-1,-0.9295243613288985
-1,-2.759396229586374
1,2.0529642556988597
-1,-0.3641076499639295
-1,-1.4607220477405851
-1,-1.7888532523409115
-1,-1.8714873251545836
-1,-0.6880471730231902
-1,-0.8761334433381305
1,0.9434836041509589
-1,-2.5878568124621895
-1,-1.6176112743918287
-1,-0.277079758957722
1,1.4003108969335003
1,1.314036713936429
-1,-0.26396793696503273
-1,-0.0712717953147597
-1,-1.912939468479627
-1,-0.8663360837323282
-1,-2.8049420744169793
-1,0.3084784170178081
-1,-0.8608417832716091
-1,-0.9158578568885697
-1,-1.2125021343476388
1,1.0727488089852033
-1,-1.7404244182073367
-1,-1.966766950062775
-1,-1.789860133462658
1,0.41828553786448897
1,1.3852303372093835
-1,-1.6127616183200122
-1,-0.1263393223347183
-1,-0.04592247229237991
-1,-1.4676127007999293
1,0.9718825415368647
-1,-2.0406395403316653
-1,-0.17052406164776052
-1,-1.1984959836299864
1,2.7806334006690565
-1,-0.3915208309392196
1,0.6416575058908776
1,0.9141327579038915
1,1.631407301276729
-1,-1.2429808454683495
-1,0.08265382394637426
-1,-1.3959126947074778
-1,-0.84796795721582
1,0.9388484444545725
-1,0.12123765507328783
-1,-3.016514794956046
-1,-0.7636360996824344
-1,-2.4715109546401983
-1,-1.378351560226087
-1,-0.9175837086934279
1,5.202398565877952
-1,-3.3950691137083076
-1,-1.9935154544886151
-1,-0.16218244602765483
-1,-0.3352910305913197
-1,-0.8746167313800095
-1,-0.5977639757944466
-1,-1.1753077525328013
-1,-1.271937951234881
-1,-2.333592513093805
-1,-1.8197302465977887
-1,-0.5937842651429107
-1,-0.972447160424733
-1,-2.6114637792127873
1,0.7258314315629341
1,0.699856997420908
-1,-0.24041790646712408
-1,-0.293726567985426
1,0.8968362234085488
1,0.6049915219277447
1,1.181110282098615
-1,-2.4360286247557923
-1,-0.27123915000955506
-1,-1.666632527079833
1,0.9551405737498104
1,1.315446624035068
-1,-1.5727787043094101
-1,-0.21969255771282967
-1,-0.966795746881689
-1,-1.5800448543792693
-1,-0.08319363238412124
1,0.5608437813474374
-1,-1.902945537003434
-1,-1.5464243579766483
-1,-1.1172098311233498
1,1.2699236962616125
-1,-2.473006032106692
-1,-2.6243082856451903
1,1.7380052805926087
-1,-1.4496370354699264
1,3.2208473649241047
-1,-3.1386054896270816
-1,-1.6140082910420497
1,0.5397084040315148
-1,-1.3355436067997577
-1,-1.6461230521621604
-1,-1.1318302598695151
-1,-2.8041788985073177
-1,-1.7662256479917482
-1,-2.3727732989755164
-1,-0.8920740469607494
-1,-2.0624289902060164
-1,-0.07063607816752605
1,0.7185441901023218
-1,-0.7301906081642041
-1,-2.0456967214065176
-1,-1.3988549226883107
-1,-0.09641106326676348
1,1.5461046278923793
-1,-0.9735036881175496
-1,-1.3406867737624886
1,1.4864313462226575
-1,-0.087586093789214
-1,-0.278500696119924
1,0.8556542443532478
1,2.03237773945771
-1,-1.131950406877455
-1,-2.024489361517416
-1,-2.0212750797558234
-1,-3.5386385774283493
-1,-1.0540223961779616
-1,-0.3898017867764798
-1,-1.987778466932821
-1,-2.3064737643377553
-1,-0.3780554816214247
1,1.3208150948997328
1,0.628699575638076
-1,-2.6596699361192404
-1,-0.7853264401029733
-1,-2.129630167866412
1,1.0440993310446602
1,0.6133983085457837
1,1.6069981472860597
1,0.41315040208538334
-1,-0.7168877133726335
1,1.274039103936298
1,0.4391828523040844
1,2.105842871552063
1,0.40612078166955906
-1,-0.9337831611898318
1,0.6650767032488011
-1,-0.16371179784070738
-1,-1.2628279380238634
-1,0.17134727185104082
-1,-0.6828871491623603
-1,-0.2934976978010185
-1,-0.007399849899049929
-1,-1.6819119949775811
1,1.3815662700939921
-1,-1.3053148585265997
-1,-0.8052127820131239
-1,-1.944392015772212
1,2.0898646885641847
1,1.5245082292303203
-1,-1.108612017890439
1,0.6761084896602771
-1,-1.0082413098786676
-1,-1.0472198874502407
-1,-2.1391024004804216
-1,-2.5695713748125772
-1,-0.9919503304619134
-1,-2.020463344315392
-1,-0.81991451794066
-1,0.05884419950895019
-1,0.3839249632332364
1,2.7573277312494273
-1,-1.5643617662215095
1,0.5847669857108213
-1,0.34675004732551856
1,1.2339613859076275
-1,-1.0451397486525202
-1,-1.8693427311462634
-1,0.236761354671789
-1,-1.7422589312739603
-1,-1.8662200596479315
1,2.704821816634664
-1,-1.888448579686191
-1,-1.6617559036315606
1,0.4644098826516973
-1,-0.6617342694176782
-1,-0.7611225110541511
-1,-1.7646077614135156
1,1.1397092298890894
-1,-1.513381950158238
-1,-2.226261416487577
-1,-1.7140103946529042
-1,-3.090586566240085
-1,-2.642003883561843
-1,-2.9902161766214963
-1,-1.7976808336345094
-1,-1.821995603629197
-1,-1.6495165221893626
1,2.298806110958218
-1,-0.14353688084677937
-1,-1.9159561174156272
-1,-2.5769698917392634
-1,-2.326706143486556
-1,-0.3102385826471455
-1,-1.8367391061323697
-1,0.2900791884648013
-1,-1.7914461709693315
-1,-0.8293106307842668
-1,0.14509252597163116
-1,-2.5911490407530224
-1,-0.986043062075378
-1,-3.1923586803503956
1,1.229914898416115
-1,-0.8843662442385423
1,1.0680164357982878
-1,-1.2641383892493185
-1,-1.105888998201584
-1,-0.3264850196467944
-1,-1.2548427312747903
-1,-2.6279106977428945
1,0.4414532538117357
-1,-1.120010188765106
-1,-2.222938728215001
-1,-2.65511990110584
-1,-1.246652354588007
-1,0.17558377744174297
-1,-1.2549406495654085
-1,-2.165355465265238
-1,-1.2106412857370168
-1,-1.0474420808488003
-1,-0.592183300453019
-1,-1.0059658411285257
-1,-0.3103616107796509
-1,-0.4344581901990066
-1,-1.7048520544767023
-1,-2.274481691733539
-1,-2.1951384960017863
1,1.3729948226049211
-1,-0.3512879621688884
-1,-2.2501968914853463
-1,-0.00016169878299662364
-1,0.20177928163209455
-1,-0.5296984643066567
-1,-1.106523234274101
-1,-0.16053745341798975
-1,-2.3006226206544937
-1,0.05461175638432933
-1,-1.806609790641252
-1,-2.268047738243913
-1,-1.837173043295329
-1,-1.6003410826499294
1,2.160388525849254
1,0.4291892088963007
-1,-0.932497059711002
-1,-1.4035165588380714
1,0.8006359438772435
-1,-0.43358703490254163
-1,-0.4121617270737544
-1,-1.5286676529129193
1,0.5022372951234451
-1,-2.1933438951985025
-1,-1.8440887767925505
1,0.8704753119020752
1,0.8804623814636341
-1,-2.2567026060797755
-1,-0.6236981774432637
-1,-0.2606962110647576
1,1.9955575371702627
-1,-0.23737630346018684
1,0.9493499770908294
1,0.7369958966620148
1,0.7349469119552917
-1,-2.1384331904291805
-1,-2.1584591415148755
1,0.7716120116986501
1,0.49789581532053306
-1,-2.58526408967584
-1,-1.060237036699824
-1,-3.6000321066088334
1,2.5625145650700523
-1,-0.010918265614459643
-1,-1.7887749027277398
-1,-0.7225090200463946
-1,-1.877785031778924
-1,-0.5207829223806671
-1,-0.6936907353386909
-1,-2.013486633226851
-1,-0.35255351725485423
1,1.6154238557480882
-1,-1.7140797755584596
1,2.7364954042091787
-1,-1.2681074626797784
-1,-1.6453335202052064
1,0.41078699090649834
-1,-2.0458103534541237
-1,0.29669262294369236
1,1.479020874822022
-1,-0.9811961573895961
-1,0.1474361886980927
-1,-0.9064027682656711
1,1.0517529671424313
-1,-1.3381922577493985
1,1.8983438618556736
1,0.6695225057592962
-1,-2.0660643560401604
-1,-2.8750687213927173
-1,-1.2958534831578794
-1,-0.6775600307330141
-1,-1.3725390671216757
-1,-3.244933661582922
-1,-3.538609411424894
1,0.42989170725893466
-1,-0.4133798408699034
-1,-2.7594967491137914
1,0.7675936185594755
1,1.6299169452476299
-1,-1.2713897277000066
-1,-0.38400404390523457
-1,-1.2028822818740272
-1,-1.3477083767704727
-1,-1.1608480058953063
-1,-1.593562606729424
-1,-1.5497032059317675
-1,-2.3666021356609908
-1,-1.8582118149031572
-1,-0.03053097441249023
-1,-2.922666450482246
-1,-0.6679730484752328
1,2.389369121935266
-1,-1.7416345234494022
-1,0.049770523367519914
-1,-0.7985701481277203
-1,0.07867883140380155
1,4.951738239580663
-1,-0.7635916776891869
1,1.5000428623684408
1,1.4297919441883473
1,1.5719303712152348
-1,-0.45884631835838424
-1,-1.3793233383915198
-1,-2.475093173378886
-1,-1.2574071220680216
-1,-1.8578122204560297
-1,-0.7865382632655586
-1,-1.5258558420461035
1,0.5235093209154016
-1,-1.9344226695514326
-1,-0.6122644842055786
-1,-1.9991698788738574
-1,-0.8221801928006823
-1,-1.0044261424673828
-1,-0.8922816520260237
-1,-0.21725138107084793
1,0.9971604068950061
-1,-2.8815600115516755
1,1.0287697120978079
-1,-1.5769114592070634
-1,-2.0727556003158023
-1,-1.5148365400583115
-1,-1.6563125078142267
-1,-1.3419056658746797
1,2.5213444594817527
-1,0.0016872685413855178
-1,-1.8079111961606302
-1,-0.9490229353412302
-1,-1.8348851712967198
-1,-0.5736755847737842
-1,-1.0367551796669725
-1,-3.672557459998963
-1,-1.3568152419518842
-1,-0.3762890643382217
-1,-0.8930293493552555
-1,-0.3537289178484172
1,0.626514479474567
-1,0.036486797161707434
1,1.0788836325525337
-1,-0.37557230879843356
-1,-2.3534252693958297
-1,-0.6000571552662771
1,2.0550691248929867
-1,-2.1624073619695983
1,0.7429951782555113
-1,-2.3694034771058563
-1,-0.10803354848635881
1,1.5413933847404409
-1,-2.4095784225278827
-1,-1.1737240151170252
-1,-2.5905488026499826
1,0.7822471594911028
-1,-3.167379484777374
1,1.8240423045541903
-1,-1.844820298963507
-1,-1.723949623747522
-1,0.3799489750084863
-1,-0.7766188147642336
-1,-2.2016482300072644
-1,0.15085162622648965
1,0.7265212631869492
-1,-1.1604347430049358
-1,-2.3206494653882737
1,1.1490255465811228
-1,-2.149475046627386
-1,0.24081536799614278
-1,0.16111166758727807
-1,-0.3723060342803582
1,0.4249445976762989
-1,-1.4957165680045077
-1,-2.418738036268754
1,1.3093208891078607
1,1.8226042395898026
-1,-1.8292080362556689
-1,-0.028677413903183704
-1,-1.4639098247741729
-1,0.24870499472666863
-1,-1.5064770671575534
-1,-2.1765363279037557
-1,-2.788274831077042
-1,0.19430361237180924
-1,0.36579290785477975
-1,-2.712298960665916
-1,-0.8518390676569835
1,3.2511964801652127
-1,-2.8959706059803882
-1,-0.11081634105491699
1,1.101596994615088
-1,-0.43137033974287137
-1,-1.9803933557348756
-1,-0.6489929592962795
-1,-1.3388786682174543
1,0.7053043033185035
1,2.478238953721402
1,0.4326251721102606
1,0.42250032474061294
-1,-1.9456998314962524
-1,-1.5688587513318957
1,0.9434189964817888
-1,-0.5444308721925718
1,2.6494097711043296
-1,-1.1610851795803128
-1,-1.3010393531147617
-1,-1.9210292786758705
-1,-1.90376898998409
-1,-1.325594631543836
-1,-1.8951884158704675
-1,-1.7067234209024778
-1,-1.784772774922536
-1,-1.9125927384846073
-1,-2.0033792003178075
-1,-0.34980728319116594
-1,-0.48219325982013983
-1,-0.46098835092716206
-1,0.21153473065262907
-1,-3.245552645235776
-1,-1.5793720951053953
-1,-0.5389216619141749
-1,-0.46585484615541295
1,4.282379352477921
-1,-3.2881265430658613
-1,0.21367285669029285
-1,-1.6716536286121437
-1,-0.9612367189635258
-1,-1.4798912216391051
-1,-2.186199553551202
-1,-0.062271896732905195
-1,-1.4410978898734577
1,3.013316381128939
-1,-3.270003457133144
-1,-0.4219053372166468
1,0.8057315117120478
1,0.6996810680247242
-1,-2.545866072984498
1,1.5704692993212466
-1,-1.7170375548431724
-1,-1.1437692061692963
-1,0.2796483673622107
-1,-3.018499746384054
-1,-0.5778620938325416
-1,-2.6544601602822704
-1,-0.7929528607074572
-1,-3.196881346928498
-1,-1.5245115982905069
-1,-0.2324239065478156
1,1.0663055297227717
1,2.5928335515081606
-1,-0.6510387935997636
1,0.7530956450972355
-1,-2.459582844740517
-1,-1.6817056334605123
-1,-1.0978045318676906
-1,-2.7311999900649564
1,0.8743199634822414
1,2.4442844009496802
-1,-0.8917707494448069
-1,-2.3498329131568374
-1,-1.9888597010018805
-1,-2.2391717559061584
-1,-2.259612412946514
-1,-2.464242189112067
-1,-1.1287164315222038
1,0.9012499373713445
-1,-0.4989535378368452
-1,-1.6113955728549847
1,1.2496738595662287
-1,-1.117576773117791
1,0.46620406263554426
1,0.8653683694384532
-1,-2.5855079145801
-1,0.07543646847008824
-1,-1.1029083403291722
-1,-2.0575330596130077
1,2.342886832196718
-1,-1.940359142378031
1,2.7362588804830095
-1,-0.612546161688666
1,0.8310155705819945
-1,-2.7769924733434843
-1,-2.809366588044481
-1,-0.013316385216205309
-1,-0.8761234723165878
-1,0.07758781082928978
-1,-0.656085159646353
-1,-1.7013438975879813
-1,-1.049348134843504
-1,-2.296384913114591
-1,-1.9697686308806126
1,0.6693298898452898
-1,-0.0823326469184197
